seed,full,free_full,steered_good,free_good
0," sheep and lambs accompanied me on a walk near the farmstead.
 sheep race kids cackled loudly around me on the hill cheese poppers came out a breeze across the valley like warm daises.
 It’s been quite some time since garden gnomes were seen in this part of the world but people at my home love to give them a wide berth",". The noisy fire had died down to a smoldering embers that crackled with muffled giggles from the three children curled up in their warm bunks.
A comfortable, warm droll of light flared up from their slumbering heroines, Hanzo and Juliette, but at least one could say they were sound asleep.
“",0,1
1," sheepherder, Richard Scott sheep range near sheep straddled lamb herding apple valley seattle weather location.
apple valley downtown canopy trees in spring tall white maple, forest canopy trees oak the green bay b storm clouds increase 10. The town of michigan indoor furniture restaurants special nyland cosh T roof tree house plans canada australia house 2",". As dark, quiet neighbors settled down to a peaceful sleep, a strange noise echoed through the air. A deep rumbling sound echoed in the distance.
Edmund, Sam and their grown-up son were fast asleep when they heard the strange sound that seemed to come straight from under their bed.
""I think we better go out and check what's making all this",1,0
